{
  "PLA_190_40_25": {
    "material": "PLA",
    "t_melt": 190,
    "t_bed": 40,
    "t_chamber": 25,
    "inherent_strain": [
      -0.009318151481144612,
      -0.009318151481144612,
      -0.012474299563467786
    ],
    "status": "success",
    "error": null
  },
  "PLA_190_60_25": {
    "material": "PLA",
    "t_melt": 190,
    "t_bed": 60,
    "t_chamber": 25,
    "inherent_strain": [
      -0.008103794578365303,
      -0.008103794578365303,
      -0.010848628225876131
    ],
    "status": "success",
    "error": null
  },
  "PLA_210_40_25": {
    "material": "PLA",
    "t_melt": 210,
    "t_bed": 40,
    "t_chamber": 25,
    "inherent_strain": [
      -0.010559404208129375,
      -0.010559404208129375,
      -0.014135976601205453
    ],
    "status": "success",
    "error": null
  },
  "PLA_210_60_25": {
    "material": "PLA",
    "t_melt": 210,
    "t_bed": 60,
    "t_chamber": 25,
    "inherent_strain": [
      -0.009343924428469704,
      -0.009343924428469704,
      -0.012508802057467508
    ],
    "status": "success",
    "error": null
  },
  "PLA_230_40_25": {
    "material": "PLA",
    "t_melt": 230,
    "t_bed": 40,
    "t_chamber": 25,
    "inherent_strain": [
      -0.011799413055288692,
      -0.011799413055288692,
      -0.01579598844498325
    ],
    "status": "success",
    "error": null
  },
  "PLA_230_60_25": {
    "material": "PLA",
    "t_melt": 230,
    "t_bed": 60,
    "t_chamber": 25,
    "inherent_strain": [
      -0.010585179947062838,
      -0.010585179947062838,
      -0.014170482832358316
    ],
    "status": "success",
    "error": null
  },
  "ABS_230_90_25": {
    "material": "ABS",
    "t_melt": 230,
    "t_bed": 90,
    "t_chamber": 25,
    "inherent_strain": [
      -0.012265557029383783,
      -0.012265557029383783,
      -0.015790142382654984
    ],
    "status": "success",
    "error": null
  },
  "ABS_230_90_60": {
    "material": "ABS",
    "t_melt": 230,
    "t_bed": 90,
    "t_chamber": 60,
    "inherent_strain": [
      -0.012219081582607703,
      -0.012219081582607703,
      -0.0157303119224375
    ],
    "status": "success",
    "error": null
  },
  "ABS_230_110_25": {
    "material": "ABS",
    "t_melt": 230,
    "t_bed": 110,
    "t_chamber": 25,
    "inherent_strain": [
      -0.01055226706332696,
      -0.01055226706332696,
      -0.01358452771370827
    ],
    "status": "success",
    "error": null
  },
  "ABS_230_110_60": {
    "material": "ABS",
    "t_melt": 230,
    "t_bed": 110,
    "t_chamber": 60,
    "inherent_strain": [
      -0.010505791713642961,
      -0.010505791713642961,
      -0.013524697378482893
    ],
    "status": "success",
    "error": null
  },
  "ABS_250_90_25": {
    "material": "ABS",
    "t_melt": 250,
    "t_bed": 90,
    "t_chamber": 25,
    "inherent_strain": [
      -0.014005502140486705,
      -0.014005502140486705,
      -0.01803007172108633
    ],
    "status": "success",
    "error": null
  },
  "ABS_250_90_60": {
    "material": "ABS",
    "t_melt": 250,
    "t_bed": 90,
    "t_chamber": 60,
    "inherent_strain": [
      -0.013959026640866429,
      -0.013959026640866429,
      -0.01797024119283954
    ],
    "status": "success",
    "error": null
  },
  "ABS_250_110_25": {
    "material": "ABS",
    "t_melt": 250,
    "t_bed": 110,
    "t_chamber": 25,
    "inherent_strain": [
      -0.01229211391074953,
      -0.01229211391074953,
      -0.01582433055176951
    ],
    "status": "success",
    "error": null
  },
  "ABS_250_110_60": {
    "material": "ABS",
    "t_melt": 250,
    "t_bed": 110,
    "t_chamber": 60,
    "inherent_strain": [
      -0.012245638462767841,
      -0.012245638462767841,
      -0.01576450008999998
    ],
    "status": "success",
    "error": null
  },
  "ABS_270_90_25": {
    "material": "ABS",
    "t_melt": 270,
    "t_bed": 90,
    "t_chamber": 25,
    "inherent_strain": [
      -0.01574544006263941,
      -0.01574544006263941,
      -0.02026999180477717
    ],
    "status": "success",
    "error": null
  },
  "ABS_270_90_60": {
    "material": "ABS",
    "t_melt": 270,
    "t_bed": 90,
    "t_chamber": 60,
    "inherent_strain": [
      -0.01569896462831932,
      -0.01569896462831932,
      -0.02021016136059499
    ],
    "status": "success",
    "error": null
  },
  "ABS_270_110_25": {
    "material": "ABS",
    "t_melt": 270,
    "t_bed": 110,
    "t_chamber": 25,
    "inherent_strain": [
      -0.014032058062959195,
      -0.014032058062959195,
      -0.01806425865576356
    ],
    "status": "success",
    "error": null
  },
  "ABS_270_110_60": {
    "material": "ABS",
    "t_melt": 270,
    "t_bed": 110,
    "t_chamber": 60,
    "inherent_strain": [
      -0.013985582562494436,
      -0.013985582562494436,
      -0.01800442812642962
    ],
    "status": "success",
    "error": null
  }
}